id,parent_id,title,kind,status,start_at,end_at,owner,sort_order,memo
T0001,CRM-0001,見積もり,見積もり,完了,2026-06-13T09:00,2026-06-15T17:00,佐藤,10,
T0002,CRM-0001,設計書修正,設計,完了,2026-06-18T09:00,2026-06-20T17:00,佐藤,20,
T0003,CRM-0001,開発,開発,進行中,2026-06-21T09:00,2026-06-24T18:00,佐藤,30,
T0004,CRM-0001,テスト仕様書作成,テスト準備,未実施,2026-06-25T09:00,2026-06-26T17:00,佐藤,40,
T0005,W001,資料作成,資料,進行中,2026-06-13T09:00,2026-06-17T17:00,山田,10,
T0006,W001,内部事前会議,内部会議,未実施,2026-06-16T15:00,2026-06-16T16:00,山田,20,
T0007,W003,事前の会議設定,会議設定,未実施,2026-05-28T09:00,2026-05-28T17:00,,10,
T0008,W003,資料作成,資料,未実施,2026-05-30T09:00,2026-06-02T17:00,,20,
T0009,W003,内部事前会議,内部会議,未実施,2026-06-02T09:00,2026-06-02T17:00,,30,
